{
  "hash": "c1add360",
  "configHash": "9e7c6220",
  "lockfileHash": "1566631d",
  "browserHash": "91e5cef4",
  "optimized": {
    "@angular/core": {
      "src": "../../../../../../node_modules/@angular/core/fesm2022/core.mjs",
      "file": "@angular_core.js",
      "fileHash": "d7d9c8a4",
      "needsInterop": false
    },
    "@angular/forms": {
      "src": "../../../../../../node_modules/@angular/forms/fesm2022/forms.mjs",
      "file": "@angular_forms.js",
      "fileHash": "790c228a",
      "needsInterop": false
    },
    "@angular/platform-browser": {
      "src": "../../../../../../node_modules/@angular/platform-browser/fesm2022/platform-browser.mjs",
      "file": "@angular_platform-browser.js",
      "fileHash": "04500128",
      "needsInterop": false
    },
    "@angular/router": {
      "src": "../../../../../../node_modules/@angular/router/fesm2022/router.mjs",
      "file": "@angular_router.js",
      "fileHash": "dcee2d12",
      "needsInterop": false
    },
    "@angular/common": {
      "src": "../../../../../../node_modules/@angular/common/fesm2022/common.mjs",
      "file": "@angular_common.js",
      "fileHash": "db800805",
      "needsInterop": false
    }
  },
  "chunks": {
    "chunk-UGIBSTYO": {
      "file": "chunk-UGIBSTYO.js"
    },
    "chunk-CQMIC45J": {
      "file": "chunk-CQMIC45J.js"
    },
    "chunk-O3LGEELE": {
      "file": "chunk-O3LGEELE.js"
    }
  }
}