{
  "hash": "cada74fe",
  "configHash": "3b9336f0",
  "lockfileHash": "6c286e2e",
  "browserHash": "7e12267d",
  "optimized": {
    "@angular/common": {
      "src": "../../../../../../node_modules/@angular/common/fesm2022/common.mjs",
      "file": "@angular_common.js",
      "fileHash": "2a452616",
      "needsInterop": false
    },
    "@angular/common/http": {
      "src": "../../../../../../node_modules/@angular/common/fesm2022/http.mjs",
      "file": "@angular_common_http.js",
      "fileHash": "ba7ae760",
      "needsInterop": false
    },
    "@angular/core": {
      "src": "../../../../../../node_modules/@angular/core/fesm2022/core.mjs",
      "file": "@angular_core.js",
      "fileHash": "d7a3bd28",
      "needsInterop": false
    },
    "@angular/platform-browser": {
      "src": "../../../../../../node_modules/@angular/platform-browser/fesm2022/platform-browser.mjs",
      "file": "@angular_platform-browser.js",
      "fileHash": "2bf299f0",
      "needsInterop": false
    },
    "@angular/router": {
      "src": "../../../../../../node_modules/@angular/router/fesm2022/router.mjs",
      "file": "@angular_router.js",
      "fileHash": "b2fdd424",
      "needsInterop": false
    },
    "rxjs/internal/lastValueFrom": {
      "src": "../../../../../../node_modules/rxjs/dist/esm5/internal/lastValueFrom.js",
      "file": "rxjs_internal_lastValueFrom.js",
      "fileHash": "21f71fad",
      "needsInterop": false
    },
    "rxjs/internal/observable/forkJoin": {
      "src": "../../../../../../node_modules/rxjs/dist/esm5/internal/observable/forkJoin.js",
      "file": "rxjs_internal_observable_forkJoin.js",
      "fileHash": "1308305d",
      "needsInterop": false
    },
    "@angular/forms": {
      "src": "../../../../../../node_modules/@angular/forms/fesm2022/forms.mjs",
      "file": "@angular_forms.js",
      "fileHash": "937c0cc1",
      "needsInterop": false
    }
  },
  "chunks": {
    "chunk-AZWGSFTH": {
      "file": "chunk-AZWGSFTH.js"
    },
    "chunk-ILCCI7YY": {
      "file": "chunk-ILCCI7YY.js"
    },
    "chunk-NCLUHCNA": {
      "file": "chunk-NCLUHCNA.js"
    },
    "chunk-Q7KCOR3K": {
      "file": "chunk-Q7KCOR3K.js"
    },
    "chunk-E7L6QIBM": {
      "file": "chunk-E7L6QIBM.js"
    },
    "chunk-B4VAKEK6": {
      "file": "chunk-B4VAKEK6.js"
    },
    "chunk-D3LMBHJE": {
      "file": "chunk-D3LMBHJE.js"
    },
    "chunk-Y5F6RCPK": {
      "file": "chunk-Y5F6RCPK.js"
    }
  }
}